{"ac_electricity": 0.0, "ac_usage": 0.0, "ac_corr": 0, "solar_electricity": -33.6909282901994, "solar_usage": -0.0336909282901994, "solar_corr": 0, "predfee": 0, "aclimit": 0, "total_electricity": 67.31605398608201, "total_usage": 0.06731605398608201, "total_corr": 0}